real,class 1
0,0.3962
0,0.8218
1,0.6581
1,0.9147
1,0.0881
1,0.8292
1,0.1803
1,0.741
0,0.7264
1,0.5365
1,0.7681
0,0.6193
0,0.7236
0,0.2124
1,0.7642
1,0.8233
0,0.763
1,0.0945
1,0.9739
1,0.6489
1,0.2327
1,0.1848
1,0.0114
1,0.0998
1,0.583
1,0.7156
1,0.1163
1,0.8976
1,0.9941
1,0.5343
1,0.968
1,0.4107
0,0.6984
1,0.8836
0,0.4341
1,0.997
0,0.302
0,0.6165
1,0.929
1,0.1562
0,0.8113
1,0.8226
0,0.8134
1,0.9145
1,0.7392
1,0.875
0,0.8982
0,0.2268
0,0.8647
0,0.8444
1,0.1808
1,0.6378
1,0.5835
1,0.7194
1,0.4723
0,0.8079
1,0.2788
1,0.4581
1,0.2199
0,0.889
1,0.5815
1,0.7813
1,0.3196
1,0.1488
1,0.6893
0,0.1607
1,0.5899
0,0.4858
0,0.0556
0,0.9409
0,0.732
0,0.5812
0,0.7605
0,0.8152
1,0.4588
0,0.4231
0,0.0328
1,0.4609
1,0.0408
1,0.6738
1,0.0402
0,0.2717
1,0.2714
1,0.6822
1,0.62
0,0.7685
1,0.5929
1,0.9436
0,0.8354
1,0.9892
1,0.2633
1,0.7558
1,0.3654
1,0.0944
1,0.5807
0,0.3374
0,0.5485
0,0.1922
0,0.7205
0,0.2732
1,0.2314
1,0.1949
0,0.0471
0,0.7343
1,0.39
0,0.9016
1,0.6239
1,0.5671
0,0.746
1,0.8264
0,0.3482
0,0.3623
1,0.5962
1,0.0528
0,0.668
1,0.0656
0,0.3939
1,0.9414
0,0.9722
1,0.7924
0,0.7349
0,0.5302
1,0.539
1,0.9437
1,0.1228
0,0.3445
1,0.8965
0,0.852
1,0.2849
0,0.0347
0,0.5866
0,0.7681
1,0.4497
1,0.0349
1,0.4367
0,0.0801
0,0.9784
0,0.5157
0,0.5179
0,0.7666
0,0.2044
1,0.964
0,0.9575
0,0.8309
1,0.1547
0,0.2372
0,0.2468
0,0.2474
1,0.3699
0,0.1286
0,0.9018
0,0.7961
1,0.9353
0,0.6262
1,0.1134
0,0.2395
0,0.2941
1,0.5337
1,0.9388
0,0.5252
0,0.0095
0,0.2422
1,0.3552
0,0.3632
1,0.7958
1,0.7156
0,0.5449
0,0.0675
0,0.2598
1,0.2373
0,0.9149
0,0.0048
0,0.2763
0,0.7917
0,0.9746
0,0.3435
1,0.8092
1,0.2895
1,0.7561
1,0.1664
1,0.2172
1,0.7215
0,0.1198
1,0.0738
0,0.7083
1,0.5336
0,0.0268
0,0.6046
0,0.4068
1,0.0634
0,0.5378
0,0.1966
0,0.7688
0,0.7033
1,0.4382
1,0.5122
1,0.2753
1,0.7159
1,0.2453
1,0.4264
0,0.7685
1,0.2618
1,0.5624
0,0.4804
1,0.9702
1,0.7043
0,0.6812
1,0.366
1,0.2993
1,0.1527
1,0.2224
1,0.5488
1,0.0166
1,0.9857
1,0.6191
0,0.7968
1,0.6009
1,0.3972
0,0.3067
1,0.895
1,0.9621
1,0.8284
1,0.3067
0,0.8795
0,0.0076
1,0.9017
1,0.437
1,0.5741
0,0.7871
0,0.2551
0,0.7547
1,0.0603
1,0.0811
1,0.5826
0,0.138
1,0.7748
0,0.3135
1,0.6869
1,0.3706
1,0.4582
0,0.5287
1,0.0966
0,0.2441
0,0.5155
0,0.795
0,0.9806
1,0.9906
0,0.6851
0,0.4635
1,0.7937
1,0.797
0,0.0244
0,0.5581
0,0.2504
1,0.7177
0,0.553
1,0.9845
1,0.7655
1,0.0336
0,0.3928
0,0.6989
0,0.8786
1,0.0826
1,0.2372
0,0.4489
0,0.0756
1,0.793
0,0.5273
1,0.2594
0,0.056
0,0.9179
1,0.4272
1,0.0163
0,0.909
0,0.5266
0,0.4738
1,0.9294
0,0.4325
0,0.0552
1,0.6816
0,0.1522
1,0.7169
1,0.7299
0,0.1201
1,0.5868
1,0.3629
0,0.4909
0,0.372
0,0.7764
0,0.8191
0,0.7365
1,0.0894
0,0.3096
1,0.3583
0,0.5063
0,0.4888
0,0.8915
1,0.4497
0,0.9401
0,0.747
1,0.6725
0,0.216
0,0.4878
1,0.0027
0,0.0274
0,0.6438
1,0.2886
0,0.7875
1,0.5293
1,0.3464
0,0.4974
1,0.5683
0,0.002
0,0.5485
0,0.8958
0,0.3279
0,0.5615
1,0.6358
0,0.638
1,0.9235
0,0.353
0,0.0607
1,0.8943
1,0.878
0,0.4874
0,0.483
0,0.6353
0,0.7146
1,0.416
1,0.7875
0,0.0361
0,0.3658
1,0.754
1,0.358
0,0.8362
0,0.3285
0,0.019
1,0.5252
0,0.2749
1,0.1038
1,0.2842
1,0.803
1,0.7258
1,0.4401
0,0.2279
1,0.8637
0,0.7352
1,0.7766
1,0.5247
1,0.0844
0,0.2628
1,0.0281
0,0.8711
1,0.3291
0,0.8818
0,0.4691
0,0.1719
1,0.5082
0,0.1912
1,0.3096
0,0.8988
1,0.0596
1,0.2999
0,0.0051
1,0.2242
1,0.1816
0,0.5587
1,0.337
1,0.7408
1,0.4319
1,0.9494
1,0.2725
0,0.7433
1,0.9018
1,0.3422
1,0.4081
0,0.0947
1,0.93
1,0.9063
1,0.7272
1,0.1366
0,0.4904
0,0.1303
0,0.6463
0,0.4593
0,0.5341
1,0.06
1,0.6391
0,0.0606
0,0.3891
1,0.631
0,0.7736
0,0.4301
1,0.5641
1,0.2237
1,0.5033
1,0.2285
0,0.611
1,0.9551
0,0.2078
0,0.0792
1,0.3325
1,0.1095
0,0.6871
0,0.0584
0,0.4791
0,0.6837
1,0.7111
0,0.5221
0,0.007
0,0.2874
0,0.4106
0,0.0524
1,0.8466
1,0.8168
1,0.2826
0,0.4118
0,0.0745
1,0.4434
0,0.2934
0,0.1289
0,0.9203
0,0.4714
1,0.4046
0,0.7205
1,0.2992
0,0.8662
0,0.8799
1,0.1324
0,0.677
1,0.7916
0,0.2752
0,0.5463
0,0.5289
0,0.9904
1,0.4514
1,0.2093
0,0.698
1,0.1563
1,0.7082
0,0.0458
1,0.8377
1,0.9154
0,0.9623
1,0.8589
0,0.8933
1,0.2635
1,0.6268
0,0.8855
0,0.8773
0,0.8433
1,0.9219
0,0.9325
0,0.6159
1,0.0584
0,0.6861
1,0.1028
0,0.5677
1,0.9295
1,0.1963
1,0.492
0,0.9407
0,0.7756
0,0.0632
0,0.6507
0,0.9968
0,0.4569
0,0.6197
0,0.6642
0,0.8904
0,0.9037
0,0.3875
0,0.0635
0,0.6694
1,0.2454
0,0.0766
0,0.7189
0,0.014
0,0.6671
1,0.083
1,0.7271
1,0.0575
0,0.2058
1,0.0984
0,0.653
0,0.7444
0,0.9429
0,0.8797
1,0.1038
0,0.7752
1,0.2271
1,0.9724
1,0.9586
1,0.3836
1,0.1455
0,0.8231
1,0.9413
0,0.2375
0,0.4589
1,0.4734
0,0.6681
0,0.3387
0,0.8794
1,0.9062
1,0.1879
1,0.6686
1,0.5778
0,0.5438
1,0.7255
1,0.542
0,0.907
1,0.7494
0,0.3089
0,0.3288
0,0.5089
0,0.3083
0,0.902
0,0.3555
1,0.0338
0,0.4197
0,0.9767
0,0.1469
0,0.7676
1,0.9017
0,0.7325
0,0.88
1,0.5399
1,0.8321
1,0.2446
1,0.7659
1,0.5954
0,0.7156
0,0.2285
1,0.6298
0,0.4878
0,0.2729
1,0.5605
1,0.0529
0,0.847
1,0.5445
0,0.0181
0,0.0331
0,0.5515
0,0.7441
0,0.8091
1,0.2725
1,0.4908
0,0.1303
0,0.2748
1,0.0922
0,0.6441
0,0.3867
0,0.4353
1,0.9007
0,0.227
1,0.7612
1,0.7936
1,0.7414
0,0.9697
1,0.9639
1,0.0515
1,0.3412
0,0.5429
1,0.0667
0,0.6556
1,0.1751
1,0.0854
0,0.0877
1,0.1454
0,0.4684
0,0.4863
0,0.6056
0,0.6555
0,0.3592
1,0.0709
1,0.0826
1,0.704
1,0.1551
0,0.4868
0,0.2154
0,0.5036
0,0.2162
1,0.971
0,0.9445
1,0.9562
0,0.2369
1,0.1743
1,0.9991
1,0.1887
0,0.5771
0,0.7827
0,0.4568
0,0.5869
0,0.3741
1,0.2077
0,0.3712
1,0.1218
1,0.7164
1,0.477
1,0.0301
0,0.0533
0,0.9592
1,0.3768
0,0.8456
0,0.1363
1,0.2008
0,0.0326
1,0.3837
0,0.4416
0,0.525
0,0.68
1,0.3382
0,0.6246
1,0.4437
1,0.5992
0,0.5823
0,0.9038
1,0.8252
1,0.5627
1,0.5447
0,0.9708
1,0.8611
0,0.0358
0,0.4491
0,0.9351
0,0.3259
1,0.155
1,0.2964
0,0.2024
0,0.9645
1,0.5527
0,0.3143
1,0.0063
0,0.0213
1,0.9858
0,0.2812
0,0.2877
1,0.3854
0,0.1244
1,0.8245
1,0.4916
1,0.3515
1,0.4623
1,0.6343
0,0.163
0,0.4024
1,0.5486
0,0.4334
1,0.2188
1,0.4637
1,0.0235
0,0.9451
1,0.0231
0,0.3089
1,0.9142
0,0.8653
1,0.4647
1,0.8495
0,0.0337
1,0.2976
1,0.0599
0,0.8534
1,0.803
0,0.6813
1,0.7186
1,0.9069
0,0.2247
0,0.7162
0,0.4796
0,0.1168
0,0.1708
0,0.2537
0,0.4969
1,0.101
0,0.4295
1,0.6315
0,0.0625
0,0.6546
0,0.8872
1,0.8946
0,0.6215
0,0.8289
0,0.8794
1,0.1372
1,0.8014
1,0.7386
1,0.1555
0,0.2488
1,0.9438
0,0.3303
1,0.9569
0,0.156
1,0.5656
1,0.4925
1,0.0537
0,0.7025
1,0.2219
0,0.4833
1,0.3318
1,0.8559
0,0.8702
1,0.3879
1,0.3429
1,0.4599
1,0.5622
0,0.4194
1,0.6958
0,0.0486
1,0.0786
0,0.4908
1,0.2676
0,0.7459
0,0.4202
0,0.2804
0,0.3736
1,0.4373
0,0.3753
0,0.6517
0,0.3788
1,0.2105
0,0.448
1,0.6185
0,0.2296
1,0.5946
0,0.4138
1,0.1327
0,0.5346
0,0.4897
1,0.6309
0,0.5501
1,0.6579
0,0.2549
1,0.7266
0,0.2426
1,0.7967
0,0.9764
0,0.0863
0,0.6857
1,0.9526
0,0.5249
0,0.1894
1,0.9388
1,0.5577
0,0.5621
1,0.7635
1,0.9036
1,0.1109
1,0.2771
0,0.5949
1,0.3173
0,0.9383
1,0.8388
0,0.585
0,0.7614
1,0.4711
0,0.5732
1,0.6178
1,0.1004
1,0.1342
1,0.5146
0,0.0347
0,0.9513
0,0.6598
1,0.701
1,0.5855
1,0.9603
0,0.1246
0,0.5601
0,0.5794
0,0.8032
1,0.4865
0,0.6737
0,0.4546
0,0.3631
0,0.4893
1,0.5163
0,0.5487
1,0.0594
0,0.7979
0,0.4874
1,0.8708
0,0.1745
1,0.085
0,0.7462
1,0.0512
1,0.3815
0,0.633
1,0.7214
0,0.9387
0,0.5443
0,0.0745
1,0.9802
1,0.9671
0,0.9066
0,0.4505
1,0.0701
0,0.995
1,0.231
0,0.1169
0,0.0447
0,0.5381
0,0.1693
1,0.7752
0,0.276
1,0.8558
1,0.8179
0,0.302
1,0.7021
1,0.9358
1,0.2125
0,0.7637
0,0.7824
1,0.3826
0,0.4128
1,0.6229
0,0.4365
1,0.3234
0,0.3547
0,0.2669
0,0.8085
0,0.1712
0,0.8512
0,0.7415
1,0.2859
0,0.2664
1,0.3499
1,0.9416
1,0.5793
0,0.6818
0,0.0971
1,0.5453
0,0.0821
0,0.1169
0,0.6807
0,0.5368
0,0.3549
1,0.6193
0,0.3948
1,0.9535
0,0.9151
0,0.8429
1,0.1357
1,0.4397
1,0.9071
0,0.3356
0,0.961
1,0.0054
0,0.3968
0,0.5769
1,0.5201
1,0.5829
0,0.0032
0,0.3611
1,0.5915
1,0.5918
0,0.4595
0,0.0124
1,0.7597
1,0.8934
0,0.1387
0,0.0669
1,0.9164
1,0.666
0,0.0112
0,0.8141
1,0.0953
1,0.1603
0,0.2268
1,0.6282
0,0.1403
0,0.0105
0,0.8498
0,0.7283
0,0.902
0,0.7948
1,0.6484
0,0.5776
0,0.3677
1,0.3063
0,0.073
1,0.5517
1,0.7389
0,0.4217
1,0.5124
0,0.9417
1,0.3912
1,0.76
1,0.1323
0,0.0049
0,0.0534
1,0.8111
0,0.4894
1,0.9904
1,0.3781
1,0.5303
0,0.9328
1,0.2279
1,0.8631
1,0.9827
0,0.3618
1,0.2171
1,0.0423
0,0.2463
0,0.2021
1,0.0845
1,0.3229
0,0.0064
0,0.6176
1,0.1968
0,0.4269
1,0.4038
0,0.0943
1,0.6289
0,0.0727
0,0.1492
0,0.1724
1,0.3947
0,0.5897
1,0.9419
1,0.8731
0,0.0664
1,0.5173
0,0.5764
1,0.5143
0,0.6788
1,0.7286
1,0.2788
1,0.7011
1,0.1946
0,0.9716
1,0.5921
0,0.1662
1,0.6149
0,0.362
0,0.0043
0,0.899
0,0.1336
1,0.426
0,0.5293
0,0.442
1,0.7645
0,0.8675
0,0.5858
1,0.5013
1,0.9216
0,0.9794
1,0.6577
1,0.1459
0,0.1439
1,0.9654
0,0.4539
0,0.97
0,0.1228
1,0.6152
1,0.7075
0,0.3051
1,0.3756
1,0.4802
1,0.2061
1,0.8102
0,0.3467
0,0.7027
1,0.1151
1,0.8488
1,0.9006
0,0.6617
1,0.4739
1,0.6906
1,0.9437
0,0.3821
1,0.1843
0,0.7942
0,0.5874
1,0.1922
0,0.9123
0,0.5491
1,0.5034
0,0.5192
0,0.9071
1,0.5003
0,0.6353
0,0.138
1,0.387
0,0.3308
0,0.312
0,0.019
0,0.2198
1,0.4251
1,0.1527
1,0.1578
0,0.0411
1,0.8237
1,0.1482
1,0.2009
1,0.1444
1,0.4692
0,0.779
0,0.0058
0,0.1638
0,0.5658
1,0.0371
0,0.1452
0,0.0347
1,0.8633
0,0.6753
1,0.682
0,0.2556
0,0.6727
1,0.3731
0,0.9805
0,0.153
0,0.9315
0,0.0854
1,0.7905
0,0.919
1,0.3741
1,0.633
1,0.6475
0,0.4578
1,0.06
1,0.1103
1,0.5118
1,0.8941
1,0.1782
1,0.6721
1,0.0611
1,0.1101
1,0.6721
0,0.7371
1,0.6501
1,0.3403
1,0.3675
0,0.8075
1,0.403
1,0.3869
1,0.6971
0,0.9707
0,0.5881
1,0.0947
1,0.3937
1,0.6221
0,0.4795
1,0.0769
0,0.2723
0,0.5896
0,0.308
1,0.5416
0,0.0529
0,0.481
1,0.0594
0,0.9408
1,0.454
1,0.3265
0,0.2493
0,0.0527
0,0.1646
0,0.6689
0,0.542
0,0.9122
0,0.5645
1,0.8109
1,0.4469
1,0.1247
1,0.5102
0,0.1402
0,0.2357
0,0.1127
0,0.3215
1,0.3244
1,0.4587
0,0.2146
1,0.2802
1,0.2797
1,0.2524
1,0.2573
0,0.539
0,0.2475
0,0.1588
1,0.9789
1,0.0303
1,0.6992
1,0.2248
1,0.5382
1,0.207
1,0.3534
1,0.8638
1,0.2438
1,0.0799
1,0.3747
0,0.8804
0,0.8128
0,0.3754
0,0.3485
1,0.2231
1,0.4065
1,0.9739
1,0.2737
0,0.6631
1,0.232
0,0.9795
1,0.6814
1,0.7927
0,0.7335
0,0.8739
0,0.7223
0,0.805
0,0.2797
0,0.2791
1,0.3292
0,0.7162
1,0.204
0,0.2374
0,0.0734
0,0.241
0,0.2869
1,0.1139
1,0.803
0,0.211
0,0.5857
0,0.596
1,0.4393
1,0.7917
1,0.6529
1,0.3571
0,0.6248
1,0.7911
0,0.0769
0,0.2779
0,0.3033
1,0.7887
0,0.7079
1,0.3759
0,0.0487
0,0.1517
0,0.4151
1,0.6957
0,0.9932
0,0.8617
1,0.5282
1,0.4849
1,0.8473
1,0.7824
1,0.8665
1,0.6542
1,0.7532
1,0.0356
1,0.7673
1,0.4759
1,0.1116
1,0.6103
0,0.8617
1,0.2421
1,0.3677
1,0.5561
0,0.0289
1,0.6545
1,0.5254
1,0.999
1,0.8102
1,0.9648
0,0.1552
0,0.874
1,0.5728
1,0.3102
1,0.3598
0,0.2255
0,0.2128
0,0.8513
1,0.8946
1,0.2716
0,0.3169
0,0.449
0,0.3239
1,0.0818
0,0.942
1,0.4125
0,0.2458
1,0.7731
1,0.2025
1,0.8793
0,0.469
0,0.9609
1,0.4894
0,0.029
1,0.8643
1,0.9533
0,0.1521
1,0.0752
0,0.8103
0,0.8091
0,0.4539
0,0.3942
0,0.8224
1,0.7917
0,0.2569
0,0.7952
0,0.8515
0,0.4351
1,0.791
0,0.1863
0,0.5581
0,0.5965
0,0.8046
1,0.7075
1,0.1051
1,0.6561
0,0.8672
0,0.1518
1,0.6128
1,0.404
1,0.4229
1,0.9917
1,0.4028
0,0.7807
1,0.7743
1,0.9923
1,0.3265
1,0.0952
1,0.2733
0,0.1369
1,0.1923
0,0.5153
0,0.4906
1,0.1256
0,0.1161
0,0.3514
0,0.8255
1,0.8233
1,0.2813
0,0.2917
1,0.846
0,0.8262
1,0.523
1,0.8493
1,0.5942
0,0.9976
0,0.2204
0,0.4411
0,0.2259
0,0.0056
1,0.0383
1,0.8993
1,0.826
1,0.626
0,0.65
1,0.5707
0,0.2148
1,0.0607
1,0.7255
1,0.2402
0,0.7351
0,0.002
1,0.2691
1,0.8221
0,0.7032
0,0.1435
1,0.8985
0,0.18
1,0.8424
0,0.4969
1,0.8067
0,0.164
1,0.8488
0,0.6858
0,0.0866
1,0.1437
1,0.9279
1,0.5315
0,0.7052
0,0.8027
1,0.3714
0,0.7799
1,0.6207
1,0.3338
0,0.3247
0,0.7796
0,0.54
0,0.9779
1,0.734
1,0.4385
0,0.1772
1,0.5374
1,0.9958
1,0.0304
1,0.0853
0,0.7379
1,0.1948
0,0.6603
0,0.1569
1,0.529
0,0.4711
1,0.4466
1,0.3917
0,0.9733
0,0.87
0,0.5893
0,0.2555
0,0.5905
0,0.258
0,0.0032
0,0.8593
1,0.3421
1,0.6438
0,0.7235
0,0.5698
1,0.9264
0,0.8324
0,0.3419
0,0.2856
0,0.4436
0,0.9779
1,0.4279
0,0.1888
0,0.0925
0,0.3661
1,0.1725
1,0.277
1,0.6745
1,0.785
0,0.7148
0,0.8444
1,0.6526
0,0.0102
1,0.3605
0,0.0349
0,0.3523
0,0.7206
1,0.6349
1,0.3433
1,0.1457
1,0.6655
0,0.546
0,0.8517
1,0.645
1,0.8234
0,0.8388
0,0.2946
1,0.9771
1,0.6882
0,0.9221
0,0.0105
0,0.299
1,0.9664
0,0.5771
1,0.0608
0,0.5207
1,0.1054
0,0.368
0,0.1471
1,0.0827
0,0.5143
0,0.7739
0,0.8211
1,0.7847
1,0.9834
1,0.1267
0,0.5832
1,0.3944
1,0.9454
0,0.7412
1,0.5506
1,0.5929
1,0.8968
1,0.442
0,0.9766
0,0.0629
1,0.2999
0,0.3953
1,0.6013
1,0.961
0,0.729
0,0.1926
0,0.3757
0,0.7213
0,0.5713
1,0.0486
1,0.3752
1,0.4133
0,0.7958
0,0.6922
1,0.842
0,0.0926
1,0.4814
0,0.9428
0,0.7188
0,0.8442
0,0.7008
0,0.7847
1,0.9809
0,0.721
1,0.6438
1,0.1233
1,0.5138
1,0.5428
0,0.4474
0,0.1579
0,0.4039
1,0.0465
0,0.6607
1,0.7475
1,0.0769
1,0.2569
0,0.8289
0,0.7626
0,0.9255
1,0.2917
1,0.4557
1,0.5893
1,0.8451
0,0.5438
0,0.1032
1,0.8006
0,0.1731
0,0.3595
1,0.3006
0,0.2972
1,0.3377
0,0.5613
0,0.386
1,0.6997
0,0.1826
0,0.895
0,0.729
1,0.8181
0,0.0308
0,0.519
1,0.2657
1,0.6697
1,0.808
0,0.9941
0,0.8848
0,0.184
0,0.9674
1,0.571
1,0.3162
1,0.0032
0,0.5024
0,0.1579
0,0.3005
0,0.8513
0,0.4462
0,0.9826
0,0.9486
1,0.0093
1,0.7938
1,0.0506
0,0.1374
1,0.7104
1,0.7144
1,0.5053
0,0.1984
1,0.7172
0,0.7164
0,0.8605
1,0.3435
0,0.876
0,0.0434
0,0.5488
1,0.9585
0,0.3455
0,0.2541
1,0.5823
0,0.5241
1,0.7413
0,0.5358
1,0.2951
0,0.8892
1,0.9846
0,0.2425
1,0.0564
0,0.7831
1,0.66
1,0.0333
0,0.6241
0,0.3745
0,0.9247
0,0.6862
1,0.9334
0,0.2258
0,0.9262
0,0.0722
0,0.6963
0,0.0152
0,0.7502
1,0.5543
1,0.0698
0,0.1372
1,0.3285
1,0.1092
1,0.565
0,0.1262
1,0.541
0,0.791
1,0.2424
0,0.312
0,0.1036
1,0.2571
1,0.5818
0,0.9467
1,0.1702
1,0.2867
1,0.9542
1,0.3663
0,0.0522
0,0.3358
1,0.7459
0,0.6401
0,0.9418
1,0.7798
1,0.8019
1,0.3096
0,0.1947
0,0.9141
0,0.8121
1,0.2483
1,0.146
1,0.8077
0,0.1997
0,0.3135
0,0.3764
1,0.8144
0,0.1115
0,0.547
1,0.2138
1,0.8694
1,0.3758
1,0.6955
0,0.9731
0,0.8551
0,0.8694
1,0.8228
0,0.382
1,0.779
0,0.1471
1,0.6209
0,0.5416
1,0.4045
1,0.9214
1,0.5448
0,0.5889
0,0.779
0,0.9628
0,0.1695
1,0.123
1,0.4215
1,0.0996
1,0.2876
1,0.4104
0,0.4964
0,0.2577
1,0.9705
1,0.2043
1,0.1491
1,0.9755
1,0.0115
1,0.0161
0,0.7963
1,0.9905
1,0.1989
1,0.758
0,0.2865
0,0.538
0,0.2328
0,0.8008
1,0.8373
0,0.3012
1,0.8
1,0.4789
1,0.4058
0,0.6551
1,0.9646
0,0.156
1,0.5371
1,0.5052
0,0.5991
0,0.3244
1,0.3815
1,0.7006
1,0.3081
1,0.0865
1,0.7642
1,0.4553
0,0.0748
1,0.4391
0,0.2804
0,0.7485
0,0.677
1,0.4361
1,0.0848
0,0.5623
0,0.2543
1,0.7856
0,0.3791
0,0.8991
0,0.9558
0,0.912
1,0.7514
1,0.2174
0,0.1257
1,0.1885
0,0.1991
0,0.6492
0,0.6937
1,0.5092
0,0.3927
1,0.3561
1,0.0242
0,0.4409
0,0.1754
0,0.6202
1,0.6723
0,0.3726
0,0.1264
0,0.337
1,0.5024
1,0.9021
0,0.3634
0,0.0855
0,0.1609
1,0.5463
1,0.5298
0,0.7137
0,0.0912
1,0.6098
0,0.0671
1,0.0652
0,0.255
1,0.2157
0,0.4199
0,0.3993
0,0.226
0,0.2325
1,0.5748
1,0.0708
0,0.5187
0,0.154
1,0.6143
0,0.4116
0,0.7804
0,0.917
1,0.1694
1,0.2404
0,0.321
1,0.2472
1,0.1289
0,0.4801
0,0.1368
0,0.8784
1,0.9489
1,0.4059
1,0.5535
0,0.9496
0,0.8204
0,0.164
1,0.8414
1,0.5827
0,0.5593
1,0.7404
0,0.8304
0,0.0906
0,0.1152
1,0.0874
1,0.8366
1,0.4685
1,0.6782
1,0.5951
1,0.4078
1,0.1724
1,0.1657
0,0.6735
0,0.8199
0,0.9624
0,0.7476
1,0.9699
1,0.027
0,0.4339
0,0.1936
1,0.3734
1,0.4868
1,0.0607
0,0.3925
1,0.0073
1,0.1264
1,0.1261
1,0.1419
0,0.746
1,0.6786
1,0.8935
0,0.0971
1,0.4076
0,0.759
1,0.6008
0,0.7484
1,0.5389
0,0.5353
1,0.0128
1,0.2227
1,0.837
0,0.2343
1,0.16
0,0.5483
1,0.0666
0,0.0099
1,0.1626
0,0.3653
0,0.0371
0,0.8794
0,0.7908
1,0.4471
0,0.7243
0,0.1925
0,0.1357
0,0.4566
0,0.0618
0,0.8694
1,0.2366
0,0.1071
1,0.3388
0,0.752
1,0.8207
1,0.0231
0,0.4948
1,0.5861
0,0.8696
1,0.4179
0,0.8745
1,0.8983
1,0.5161
0,0.0119
0,0.6824
1,0.1038
0,0.0678
1,0.8943
0,0.6333
0,0.3352
1,0.4861
1,0.334
1,0.4609
1,0.5233
0,0.6546
1,0.5336
1,0.7825
1,0.5251
0,0.5651
1,0.3479
0,0.3886
0,0.3168
0,0.4215
1,0.2927
1,0.0586
1,0.8746
0,0.6885
1,0.2147
0,0.2404
0,0.5532
1,0.2403
1,0.7841
1,0.2534
0,0.5007
0,0.9529
0,0.7507
0,0.5614
1,0.1138
0,0.5827
1,0.2796
1,0.6367
0,0.5932
0,0.8335
0,0.8435
0,0.4845
1,0.7998
0,0.4032
1,0.9675
1,0.546
1,0.5537
1,0.2637
0,0.2085
1,0.9804
0,0.515
0,0.0477
1,0.673
0,0.6052
1,0.7203
0,0.1177
0,0.877
0,0.1708
1,0.9415
0,0.6378
1,0.8998
1,0.6228
1,0.0528
0,0.6364
0,0.1142
0,0.9948
1,0.8623
1,0.7614
0,0.8875
0,0.8684
1,0.2624
0,0.9287
0,0.2075
1,0.0655
1,0.4274
0,0.1081
0,0.8776
1,0.4862
1,0.9395
0,0.502
0,0.7613
0,0.9666
1,0.217
0,0.356
1,0.782
1,0.5257
0,0.838
0,0.782
1,0.0139
0,0.7674
1,0.1413
0,0.2914
0,0.1941
0,0.0721
1,0.5058
0,0.9604
1,0.4785
0,0.5452
1,0.7508
1,0.969
0,0.9016
1,0.4447
1,0.6147
0,0.5007
0,0.211
0,0.4561
0,0.5662
0,0.4076
1,0.2694
1,0.9746
1,0.5693
0,0.7295
0,0.4808
0,0.5405
0,0.2068
1,0.7512
1,0.4974
1,0.5454
0,0.5312
1,0.4406
1,0.9283
1,0.5161
1,0.0425
1,0.8785
0,0.2704
0,0.5084
0,0.9553
1,0.5639
1,0.8527
0,0.9335
0,0.2082
1,0.4873
0,0.5457
1,0.9627
0,0.9006
1,0.2846
1,0.9971
1,0.6252
1,0.7749
0,0.4181
0,0.1706
1,0.1564
1,0.2487
1,0.0858
0,0.1485
0,0.0993
0,0.5416
1,0.5807
0,0.8588
0,0.1529
1,0.224
1,0.4299
1,0.0425
0,0.8558
1,0.6976
0,0.4013
1,0.351
0,0.1198
0,0.7992
1,0.0381
0,0.2041
1,0.4442
0,0.9047
0,0.33
0,0.4207
1,0.5257
0,0.3596
1,0.8368
1,0.8251
0,0.116
0,0.5146
1,0.4813
0,0.5585
0,0.7566
1,0.9191
0,0.4836
1,0.9155
0,0.3412
0,0.6318
1,0.0518
1,0.287
1,0.6645
0,0.2852
0,0.0069
1,0.9828
0,0.2877
0,0.5652
0,0.5244
0,0.0076
1,0.2882
0,0.8028
1,0.7727
0,0.467
0,0.6641
1,0.7195
1,0.7275
1,0.5158
0,0.2819
1,0.0189
1,0.7894
1,0.4637
1,0.9644
0,0.125
0,0.8236
0,0.5473
1,0.528
0,0.3267
0,0.7678
0,0.6089
0,0.3651
0,0.7603
0,0.945
0,0.5287
0,0.7332
0,0.1037
0,0.9028
1,0.024
0,0.46
0,0.5563
1,0.7884
0,0.8396
1,0.3208
0,0.5874
1,0.539
0,0.4661
0,0.601
1,0.0546
0,0.1
1,0.9449
0,0.3145
1,0.6878
1,0.3764
0,0.038
0,0.5962
1,0.4228
0,0.5536
1,0.5318
1,0.9625
0,0.8875
0,0.6685
1,0.8775
1,0.6282
0,0.2751
1,0.2964
1,0.2331
0,0.548
0,0.9461
1,0.2252
0,0.6287
0,0.0332
1,0.234
0,0.704
0,0.7061
1,0.4573
1,0.3776
1,0.496
0,0.3697
0,0.6176
1,0.6707
0,0.206
0,0.8725
1,0.129
1,0.918
0,0.0678
1,0.7857
1,0.6973
0,0.8638
1,0.6533
1,0.4188
0,0.0927
1,0.1336
1,0.4968
0,0.997
1,0.0498
1,0.8148
0,0.7783
1,0.8986
1,0.691
0,0.9588
0,0.2608
0,0.4666
1,0.9558
1,0.4647
0,0.55
1,0.7194
1,0.9083
1,0.3389
0,0.4628
1,0.0198
1,0.2929
1,0.9781
1,0.0692
1,0.7045
0,0.1606
0,0.7182
1,0.2153
1,0.3589
0,0.5066
1,0.9905
0,0.4746
1,0.5294
0,0.2574
1,0.0262
1,0.0856
1,0.0079
0,0.9019
1,0.088
0,0.4122
1,0.2867
0,0.4616
1,0.8671
0,0.3608
1,0.8925
1,0.6351
1,0.2377
1,0.4792
0,0.3573
0,0.6104
1,0.4566
0,0.7867
1,0.2129
0,0.3886
0,0.5686
1,0.6959
1,0.9657
0,0.9519
0,0.0967
1,0.3659
0,0.5616
1,0.3972
0,0.9975
1,0.6281
0,0.7927
1,0.4583
1,0.4571
1,0.084
0,0.047
0,0.7929
1,0.173
0,0.7924
0,0.8088
0,0.4137
1,0.5057
0,0.1682
0,0.1083
1,0.023
1,0.4079
0,0.6606
0,0.1488
0,0.758
1,0.8746
0,0.4861
1,0.2229
0,0.6403
0,0.6565
0,0.1192
0,0.8752
0,0.6257
0,0.7184
0,0.4295
1,0.5339
1,0.0166
1,0.08
0,0.4025
1,0.0458
0,0.5366
1,0.6791
1,0.4351
1,0.6927
0,0.1837
1,0.7348
0,0.4811
1,0.7205
1,0.9315
0,0.7858
0,0.1244
1,0.3777
1,0.1127
1,0.3746
0,0.5964
1,0.7431
0,0.4959
0,0.9245
0,0.8991
0,0.0921
0,0.6149
1,0.3267
1,0.6876
1,0.9409
1,0.828
0,0.4229
1,0.0359
1,0.484
1,0.7017
0,0.9373
1,0.0732
0,0.4748
1,0.3444
0,0.3681
0,0.4887
1,0.5886
1,0.2479
0,0.6665
0,0.3699
1,0.7592
0,0.014
0,0.9058
1,0.0402
1,0.7105
1,0.6058
1,0.6779
1,0.6141
0,0.7938
1,0.041
1,0.1989
0,0.6773
1,0.4319
1,0.9946
1,0.0484
1,0.1137
0,0.0748
0,0.7886
1,0.245
0,0.4635
1,0.6798
0,0.5612
0,0.6406
0,0.8992
0,0.3082
1,0.0613
1,0.9816
0,0.0352
1,0.6499
1,0.198
0,0.2702
0,0.1292
0,0.2877
1,0.0791
0,0.0655
0,0.6916
1,0.5586
1,0.8454
1,0.0256
1,0.4461
1,0.2004
0,0.5671
0,0.2301
0,0.4016
0,0.5326
1,0.1051
0,0.9301
0,0.9713
1,0.2588
1,0.2194
0,0.817
0,0.222
0,0.4045
1,0.9882
0,0.6764
0,0.5739
1,0.855
0,0.7619
0,0.7813
1,0.9679
0,0.6173
0,0.4842
0,0.939
1,0.2165
0,0.0984
0,0.8252
0,0.9628
1,0.1476
1,0.7215
0,0.6308
0,0.6282
1,0.2336
0,0.1242
0,0.4146
1,0.4988
1,0.9228
0,0.3032
0,0.5806
0,0.7881
0,0.5668
0,0.0359
1,0.4208
0,0.0015
1,0.9206
1,0.8997
1,0.9768
0,0.7633
1,0.5306
1,0.9732
1,0.3291
1,0.8382
1,0.3159
0,0.0075
0,0.9659
0,0.0938
0,0.9558
1,0.3314
1,0.5386
1,0.3765
0,0.9366
1,0.1757
0,0.312
1,0.3519
0,0.6709
1,0.0221
1,0.0271
1,0.1983
1,0.791
1,0.9195
1,0.1897
1,0.7103
0,0.89
1,0.921
1,0.0219
0,0.7228
1,0.8374
1,0.3095
1,0.0774
0,0.7889
1,0.6509
0,0.7359
1,0.0244
0,0.4534
0,0.6989
1,0.1811
1,0.5185
1,0.5023
1,0.0437
1,0.1468
1,0.7794
0,0.5403
0,0.4392
1,0.326
0,0.7615
1,0.0057
1,0.8623
1,0.9124
1,0.3077
0,0.9454
0,0.6593
1,0.2696
1,0.8636
0,0.8253
0,0.1203
1,0.4755
1,0.995
0,0.8026
0,0.6268
1,0.2266
0,0.4625
0,0.9171
0,0.5083
1,0.527
1,0.2343
1,0.1646
1,0.2571
1,0.9012
1,0.4304
1,0.1662
0,0.527
0,0.5324
0,0.2573
0,0.5944
0,0.1609
0,0.2988
0,0.3677
1,0.5364
0,0.1617
1,0.9596
0,0.3499
0,0.5429
1,0.6034
1,0.7991
0,0.2536
0,0.2624
0,0.0742
1,0.2045
1,0.3317
0,0.0581
1,0.5265
0,0.6543
0,0.1291
1,0.5889
1,0.3534
0,0.5339
0,0.4372
1,0.0031
1,0.49
0,0.898
1,0.9244
0,0.3243
1,0.3296
1,0.2034
1,0.8056
1,0.351
0,0.136
0,0.0985
1,0.1349
0,0.3588
0,0.306
1,0.6331
0,0.7459
0,0.9695
1,0.8803
1,0.4945
1,0.8242
1,0.2148
1,0.9031
0,0.8112
1,0.1132
1,0.0589
1,0.9591
1,0.8328
1,0.6356
1,0.4198
1,0.2105
0,0.3627
1,0.1871
1,0.9938
0,0.7486
1,0.3734
1,0.9814
1,0.4736
1,0.8536
0,0.9988
1,0.3035
0,0.6138
0,0.7843
0,0.4001
1,0.4164
1,0.8317
1,0.252
0,0.133
1,0.4496
0,0.5015
1,0.3631
0,0.517
0,0.2894
1,0.9024
1,0.9357
1,0.7827
1,0.6182
1,0.5156
0,0.4718
1,0.2894
1,0.6854
0,0.0548
1,0.8459
0,0.6665
0,0.9864
0,0.8986
0,0.7166
0,0.8258
0,0.6798
0,0.1593
1,0.9166
1,0.9482
0,0.6244
1,0.2693
0,0.0781
0,0.9949
0,0.2144
1,0.356
1,0.1779
0,0.7547
1,0.1624
1,0.6382
0,0.8968
1,0.8294
1,0.9777
0,0.5405
0,0.7307
0,0.7446
1,0.8279
0,0.0106
0,0.321
0,0.0956
1,0.2839
1,0.1105
1,0.548
1,0.9202
1,0.581
1,0.2994
1,0.7385
0,0.9903
0,0.2287
1,0.0609
0,0.8729
1,0.7766
0,0.6506
0,0.2917
1,0.7364
1,0.0581
0,0.1875
1,0.2057
0,0.7871
1,0.8224
0,0.288
0,0.1458
1,0.4607
1,0.6762
0,0.106
0,0.9499
0,0.7251
0,0.5078
1,0.6709
0,0.8797
0,0.9238
1,0.4959
1,0.21
0,0.2336
1,0.7726
1,0.213
1,0.2294
1,0.7949
0,0.433
1,0.5154
0,0.5751
1,0.3054
0,0.8716
0,0.0775
0,0.1192
0,0.0977
0,0.1596
0,0.7934
1,0.2479
0,0.6819
0,0.6251
0,0.4225
0,0.4985
0,0.0538
1,0.6236
1,0.2315
0,0.9657
0,0.0784
0,0.9646
1,0.3397
0,0.4491
0,0.5359
1,0.2827
1,0.3836
1,0.2453
0,0.1304
0,0.4979
0,0.6041
0,0.2247
0,0.4654
1,0.8818
0,0.7599
0,0.8824
1,0.1429
1,0.9276
0,0.5783
1,0.5546
0,0.2141
1,0.4808
1,0.1662
0,0.7494
0,0.8048
1,0.2526
0,0.734
0,0.0017
1,0.7934
0,0.0076
0,0.4873
1,0.114
1,0.8678
0,0.599
0,0.2863
1,0.2695
0,0.4868
1,0.465
0,0.4719
0,0.3989
1,0.9411
1,0.387
1,0.0614
1,0.3049
0,0.5297
0,0.4107
1,0.4384
0,0.8739
1,0.564
0,0.1383
1,0.3083
0,0.4319
0,0.2639
0,0.4962
0,0.3087
0,0.6377
0,0.9981
1,0.0744
1,0.1202
0,0.6011
1,0.0627
0,0.0543
0,0.25
1,0.9027
1,0.2294
1,0.6112
0,0.1908
1,0.784
1,0.2834
1,0.4272
1,0.777
1,0.4907
1,0.3404
0,0.576
0,0.5526
0,0.5821
1,0.943
0,0.2735
1,0.0404
1,0.8422
1,0.6024
0,0.9498
1,0.2359
1,0.3559
0,0.0396
0,0.008
1,0.2645
1,0.1052
0,0.3834
0,0.184
0,0.6845
1,0.6545
0,0.088
0,0.1749
1,0.9989
0,0.4207
1,0.8943
0,0.9833
0,0.6457
1,0.4472
0,0.9684
1,0.3042
1,0.886
0,0.5084
0,0.8002
1,0.3194
1,0.8682
0,0.1855
0,0.1014
0,0.7788
1,0.4052
0,0.4569
0,0.1503
0,0.1777
1,0.0526
0,0.6306
1,0.1014
0,0.2321
0,0.0069
1,0.0512
0,0.1546
0,0.5249
1,0.7534
0,0.8992
0,0.2223
0,0.8993
1,0.4044
0,0.2234
0,0.0655
1,0.8564
0,0.7347
1,0.4667
1,0.5826
1,0.0182
1,0.9147
1,0.599
0,0.0468
0,0.1494
1,0.6538
0,0.0447
0,0.3036
0,0.0268
0,0.3804
0,0.9733
0,0.1752
1,0.3509
0,0.5428
0,0.0201
1,0.0552
1,0.2463
0,0.5815
1,0.5105
0,0.1717
0,0.7273
0,0.5884
1,0.7849
1,0.8867
1,0.5177
1,0.8485
0,0.6537
0,0.1647
1,0.8879
0,0.2769
0,0.8561
0,0.7355
0,0.5925
0,0.1796
1,0.0423
1,0.0212
1,0.9048
0,0.3647
1,0.4161
1,0.6609
1,0.6004
1,0.9103
1,0.2096
0,0.6057
1,0.0374
1,0.0855
1,0.6051
0,0.5427
1,0.8499
1,0.1995
1,0.2638
1,0.8308
0,0.0836
1,0.6257
0,0.1265
1,0.4263
1,0.4189
1,0.2496
0,0.1923
1,0.3805
0,0.2678
1,0.7759
0,0.4891
1,0.922
0,0.4685
1,0.4265
1,0.7499
1,0.0939
1,0.2216
0,0.8961
0,0.8913
1,0.6417
0,0.7069
0,0.2823
1,0.3636
1,0.7906
1,0.1017
1,0.4848
1,0.3987
1,0.312
0,0.0598
1,0.0506
0,0.2741
0,0.6627
1,0.9266
1,0.5306
1,0.987
1,0.3312
1,0.8024
1,0.0709
1,0.4581
0,0.5682
1,0.9535
0,0.6582
0,0.8948
1,0.6942
0,0.8121
0,0.9859
0,0.489
0,0.8299
1,0.1707
1,0.4028
0,0.5458
0,0.7452
0,0.1029
0,0.9174
1,0.1072
1,0.0106
0,0.5953
0,0.3422
0,0.8327
0,0.9693
1,0.0774
1,0.7427
0,0.5956
1,0.5136
0,0.5489
0,0.5689
1,0.6011
0,0.1518
0,0.5278
1,0.5008
1,0.5484
1,0.7451
1,0.7803
1,0.5606
0,0.9327
0,0.7539
1,0.3056
0,0.2325
1,0.3229
0,0.2691
0,0.2031
1,0.8085
1,0.8758
0,0.2628
1,0.637
0,0.1736
0,0.5726
0,0.1023
0,0.3671
0,0.3228
0,0.6759
0,0.4009
0,0.5586
1,0.6756
0,0.6208
1,0.8334
1,0.5753
0,0.7448
0,0.1542
1,0.4436
0,0.9352
0,0.6069
0,0.4845
0,0.8657
1,0.2963
1,0.1952
0,0.8348
0,0.2864
0,0.9606
1,0.472
1,0.219
1,0.8465
0,0.9524
1,0.438
1,0.3057
0,0.4814
1,0.3406
1,0.0121
1,0.214
0,0.6795
0,0.2846
1,0.2243
0,0.4275
0,0.3789
0,0.6692
1,0.5801
0,0.7759
1,0.6001
0,0.0735
0,0.4414
1,0.3919
0,0.7273
0,0.7553
0,0.8577
1,0.4034
1,0.3936
1,0.5129
1,0.9232
1,0.2624
0,0.7041
1,0.4527
0,0.7788
0,0.4484
0,0.2309
0,0.6476
0,0.7192
1,0.5887
1,0.0218
1,0.1976
0,0.6441
0,0.1721
0,0.1596
0,0.0769
0,0.2707
1,0.8566
1,0.937
0,0.3807
0,0.8384
1,0.5146
0,0.6966
0,0.9706
1,0.9325
1,0.885
1,0.2931
0,0.4535
1,0.2082
0,0.8705
0,0.0305
1,0.7701
1,0.0831
1,0.1416
1,0.2713
0,0.2088
1,0.9842
1,0.8435
0,0.6579
1,0.8158
1,0.6871
0,0.512
1,0.0605
0,0.2418
1,0.1521
0,0.9468
1,0.0567
1,0.4308
0,0.9158
0,0.5361
1,0.5101
1,0.0878
0,0.6346
0,0.0825
1,0.677
0,0.185
1,0.1537
1,0.8568
0,0.9087
0,0.5914
0,0.6641
1,0.4696
0,0.5427
0,0.1684
1,0.3227
1,0.7613
1,0.8551
0,0.923
1,0.1288
0,0.4742
0,0.4771
1,0.1073
0,0.9641
0,0.8982
0,0.4694
0,0.5014
1,0.8389
0,0.799
1,0.1425
1,0.881
0,0.6678
0,0.8563
0,0.4425
0,0.4741
1,0.5081
1,0.7572
0,0.9308
1,0.377
0,0.3061
1,0.731
0,0.3934
0,0.1104
1,0.8389
1,0.2843
0,0.6448
0,0.8796
0,0.2424
0,0.7924
0,0.6458
1,0.4071
1,0.3665
1,0.7059
1,0.9503
0,0.8003
1,0.8967
1,0.8258
0,0.7069
0,0.3293
0,0.4659
1,0.8278
0,0.2993
1,0.0945
1,0.8759
1,0.9239
0,0.116
1,0.4914
0,0.7166
0,0.6792
0,0.9817
1,0.8829
1,0.9598
1,0.9335
1,0.7948
0,0.8568
0,0.4669
0,0.6838
1,0.1405
0,0.009
0,0.2062
1,0.0514
1,0.2435
0,0.4198
1,0.7523
1,0.7466
1,0.3037
1,0.504
1,0.6637
1,0.2001
1,0.6476
0,0.7931
0,0.0183
0,0.3015
0,0.8001
0,0.8212
0,0.9093
0,0.2302
0,0.4394
1,0.2541
1,0.6216
1,0.9598
0,0.5227
0,0.7658
0,0.6982
1,0.9471
1,0.2086
0,0.082
0,0.1902
0,0.5121
0,0.9915
0,0.0344
1,0.9997
1,0.1339
1,0.4088
0,0.3474
1,0.2846
0,0.0769
0,0.8553
0,0.6825
0,0.1832
1,0.235
1,0.2991
0,0.1774
0,0.1888
0,0.7503
0,0.8482
1,0.0898
1,0.7739
0,0.9405
1,0.9555
1,0.0472
1,0.1004
1,0.3338
1,0.7262
0,0.1388
1,0.9724
1,0.4897
0,0.3688
1,0.9053
0,0.0796
0,0.8181
0,0.7267
1,0.5107
0,0.8737
1,0.4632
0,0.379
0,0.1575
1,0.8258
0,0.9039
0,0.121
0,0.3943
1,0.1647
0,0.8248
1,0.71
1,0.3714
0,0.6148
0,0.1607
1,0.1402
0,0.3511
0,0.9024
1,0.1678
0,0.636
0,0.3067
0,0.0325
0,0.0648
1,0.2012
1,0.1478
1,0.3526
0,0.7561
0,0.2672
1,0.0208
0,0.6019
1,0.4229
0,0.4905
0,0.8123
0,0.802
1,0.9799
1,0.1669
1,0.6419
0,0.5364
1,0.8334
1,0.7562
1,0.1986
1,0.7447
1,0.8042
0,0.0868
1,0.8195
0,0.5269
1,0.3143
0,0.7511
0,0.3202
0,0.4912
1,0.4198
0,0.7733
0,0.4912
0,0.5853
1,0.3806
0,0.9041
0,0.8449
1,0.1263
1,0.2015
1,0.9269
0,0.6409
1,0.6034
1,0.2773
0,0.5318
1,0.662
1,0.4845
1,0.1161
1,0.0067
1,0.1345
1,0.5614
1,0.2745
1,0.3128
0,0.2885
0,0.2117
0,0.7793
0,0.8371
1,0.3608
0,0.7161
0,0.7233
1,0.146
0,0.972
1,0.4003
0,0.4416
0,0.2702
0,0.2606
1,0.9211
1,0.4611
1,0.1323
0,0.4596
0,0.3815
1,0.6292
1,0.0194
1,0.386
1,0.1107
1,0.2178
0,0.9134
1,0.0682
0,0.4319
0,0.1192
1,0.4357
1,0.5469
0,0.5552
0,0.5108
1,0.9759
0,0.3003
1,0.8026
1,0.6268
0,0.1944
0,0.0842
1,0.2992
1,0.6282
1,0.851
1,0.0394
1,0.9945
0,0.7246
0,0.4827
0,0.0908
1,0.735
0,0.9703
1,0.2497
0,0.6798
0,0.34
1,0.3529
0,0.3478
1,0.1955
1,0.3907
1,0.91
1,0.6353
1,0.7589
1,0.1832
1,0.0862
1,0.7124
1,0.0191
1,0.394
0,0.2296
0,0.7511
1,0.8178
0,0.5425
1,0.9236
1,0.5874
1,0.2237
0,0.4464
1,0.0233
0,0.1024
1,0.8728
1,0.5515
1,0.4109
1,0.0688
1,0.0985
0,0.9358
1,0.3235
1,0.8906
1,0.7024
0,0.4411
0,0.0028
0,0.4346
0,0.6731
0,0.2445
1,0.0384
1,0.6536
0,0.5124
1,0.5468
1,0.6617
0,0.7257
1,0.48
0,0.2342
0,0.0203
1,0.6176
0,0.6187
1,0.0209
1,0.7479
0,0.9877
1,0.3257
1,0.1824
0,0.6828
0,0.6552
0,0.8832
0,0.9688
0,0.8937
0,0.3771
0,0.4312
0,0.5173
0,0.3861
1,0.9368
0,0.953
0,0.0323
0,0.3773
0,0.8554
1,0.042
0,0.3474
1,0.9873
0,0.3631
0,0.5192
0,0.6817
0,0.3853
0,0.2613
1,0.7646
0,0.3612
0,0.6785
1,0.659
1,0.1375
1,0.9677
0,0.5966
1,0.9727
1,0.7702
0,0.7879
1,0.3072
0,0.7446
1,0.4621
1,0.055
1,0.3592
0,0.2524
1,0.996
0,0.0079
1,0.0357
0,0.9006
0,0.784
1,0.8828
0,0.0798
0,0.8401
1,0.3081
1,0.0991
1,0.0124
1,0.7319
0,0.4683
1,0.2188
0,0.8828
1,0.0962
0,0.9051
0,0.6623
1,0.0761
1,0.8267
1,0.0674
1,0.2588
0,0.6527
0,0.847
1,0.2701
0,0.8299
1,0.2184
0,0.8085
1,0.7855
0,0.8337
1,0.5308
1,0.8372
0,0.1769
1,0.2531
0,0.6582
1,0.9029
0,0.2477
0,0.0229
1,0.1106
1,0.1167
0,0.9086
0,0.1366
1,0.9118
0,0.0332
1,0.5157
0,0.2263
1,0.9121
0,0.2336
1,0.5679
0,0.0585
0,0.0348
1,0.6387
1,0.8359
0,0.1375
0,0.493
1,0.7783
0,0.6455
0,0.3686
1,0.9114
0,0.7064
0,0.0574
1,0.5378
1,0.7379
1,0.5422
0,0.1437
0,0.7691
0,0.6333
0,0.9308
1,0.1071
1,0.2355
1,0.648
0,0.2758
1,0.8952
0,0.9989
1,0.3827
1,0.3033
0,0.2327
1,0.3448
1,0.1642
0,0.677
1,0.4755
0,0.7716
0,0.0509
0,0.5728
0,0.0916
0,0.1453
0,0.4416
0,0.1351
1,0.002
1,0.3707
0,0.6739
0,0.7826
1,0.3296
0,0.7348
1,0.3648
0,0.2873
1,0.1161
1,0.9385
0,0.3484
1,0.5122
1,0.3989
0,0.5877
0,0.9867
0,0.3098
0,0.1447
1,0.6814
0,0.0845
0,0.5747
1,0.7577
1,0.6955
0,0.6393
1,0.7728
0,0.1432
0,0.047
0,0.5526
0,0.3598
1,0.3422
0,0.5371
1,0.8434
0,0.696
1,0.9075
1,0.2599
0,0.1117
0,0.2835
0,0.6739
1,0.8943
0,0.331
1,0.1457
0,0.956
0,0.1427
0,0.3069
1,0.0886
0,0.4834
0,0.5139
0,0.1954
1,0.4534
1,0.1512
1,0.4434
1,0.7388
0,0.5295
1,0.32
1,0.7434
1,0.8334
1,0.6275
0,0.1251
0,0.6426
1,0.3601
0,0.285
1,0.8454
1,0.0598
0,0.7916
0,0.0362
0,0.4668
1,0.7363
0,0.1073
0,0.891
1,0.2764
1,0.9582
0,0.9129
1,0.8069
0,0.8916
0,0.0374
0,0.6731
1,0.0334
0,0.5279
0,0.3249
0,0.9484
1,0.3244
1,0.0898
0,0.6095
1,0.5922
1,0.2647
1,0.0754
0,0.8073
1,0.7707
1,0.0129
0,0.3059
0,0.3462
0,0.4304
1,0.903
0,0.3842
1,0.7608
0,0.1371
0,0.1592
0,0.1798
0,0.6203
0,0.2584
0,0.7554
0,0.8742
1,0.6144
1,0.9956
0,0.0483
0,0.2854
1,0.3132
1,0.5836
0,0.4251
1,0.9465
1,0.595
0,0.1769
1,0.9108
1,0.4098
1,0.3631
0,0.9438
0,0.3615
1,0.4424
1,0.6299
1,0.9782
0,0.2591
0,0.5746
0,0.9425
1,0.3171
1,0.3697
0,0.0466
1,0.1499
1,0.9855
1,0.7528
0,0.2248
1,0.0888
1,0.7859
0,0.1156
0,0.4627
0,0.393
1,0.644
1,0.3659
1,0.9783
1,0.0765
1,0.475
1,0.6395
1,0.5583
0,0.6819
0,0.3205
1,0.6643
0,0.7272
1,0.992
1,0.7514
0,0.4274
0,0.7246
0,0.8509
1,0.9599
0,0.6755
0,0.2108
1,0.0602
1,0.7463
1,0.3729
1,0.8341
1,0.1482
0,0.5152
1,0.5808
0,0.7849
0,0.6745
1,0.5103
1,0.1586
0,0.4685
1,0.7374
1,0.8781
1,0.6118
1,0.0503
1,0.0095
1,0.8652
1,0.8584
0,0.7586
1,0.3916
1,0.1895
0,0.3637
0,0.8755
0,0.5687
0,0.7471
0,0.9632
0,0.0603
0,0.2811
1,0.6184
0,0.9111
0,0.4935
0,0.156
1,0.1973
1,0.9111
1,0.0149
0,0.5972
0,0.3271
0,0.7409
1,0.1865
1,0.9186
0,0.6538
1,0.4391
1,0.246
0,0.9285
1,0.4219
1,0.017
0,0.1475
1,0.6756
1,0.6548
0,0.259
0,0.0539
1,0.7053
1,0.3563
0,0.8067
0,0.8098
0,0.5241
1,0.2551
1,0.2863
0,0.4021
0,0.4666
1,0.5552
0,0.889
1,0.796
1,0.9347
0,0.1587
0,0.1338
0,0.241
1,0.8957
1,0.3436
1,0.3013
1,0.4265
0,0.883
0,0.9876
1,0.4161
1,0.5681
1,0.699
0,0.3274
1,0.7978
1,0.4139
0,0.7677
1,0.2455
1,0.1576
0,0.3189
0,0.754
0,0.3738
1,0.9311
1,0.2854
0,0.2241
0,0.6198
0,0.7139
0,0.6339
0,0.15
0,0.2178
1,0.5724
0,0.0737
1,0.4569
1,0.0285
1,0.2921
1,0.3433
1,0.8512
0,0.9907
0,0.5678
0,0.9882
1,0.511
0,0.9299
0,0.8311
0,0.2797
1,0.0054
1,0.7068
1,0.7377
0,0.0869
1,0.0114
1,0.1605
1,0.0833
0,0.5712
1,0.7939
1,0.1375
0,0.527
0,0.6508
1,0.0788
1,0.8605
1,0.3872
0,0.1125
0,0.8268
0,0.8043
0,0.9219
1,0.3917
0,0.5576
1,0.4102
0,0.165
0,0.935
0,0.3081
1,0.2093
0,0.9258
1,0.2756
0,0.7209
1,0.9818
1,0.7645
1,0.2301
0,0.6808
0,0.492
0,0.5084
0,0.839
0,0.8748
1,0.346
1,0.3874
1,0.1284
1,0.5837
0,0.5378
0,0.4467
1,0.7941
0,0.8352
1,0.2671
0,0.4048
1,0.8382
1,0.8191
1,0.0417
0,0.7536
1,0.0519
0,0.2614
1,0.0485
1,0.7749
1,0.9769
0,0.3371
0,0.6392
0,0.432
1,0.8674
1,0.1675
0,0.5082
0,0.8164
0,0.7448
0,0.2969
1,0.3053
1,0.4872
0,0.5107
0,0.3272
0,0.4916
0,0.8713
0,0.5482
1,0.0211
0,0.0972
0,0.3472
0,0.9943
1,0.7136
0,0.0176
1,0.1455
1,0.6279
0,0.6964
0,0.7141
1,0.7415
1,0.261
0,0.2578
1,0.3155
1,0.0569
1,0.2454
0,0.9691
1,0.2006
1,0.8115
1,0.4787
1,0.8589
0,0.7725
0,0.8339
1,0.2256
1,0.3599
1,0.5238
0,0.5618
0,0.6547
0,0.111
0,0.9103
0,0.9825
1,0.5778
1,0.0354
1,0.7163
1,0.3338
0,0.0638
1,0.1359
0,0.5533
1,0.2223
1,0.1042
1,0.5625
1,0.8203
0,0.6141
1,0.4324
1,0.2799
1,0.8452
1,0.9302
1,0.7866
0,0.1092
0,0.6336
1,0.2508
1,0.8425
0,0.9945
0,0.6714
0,0.031
0,0.3066
1,0.3775
0,0.8346
0,0.4295
1,0.1852
1,0.679
0,0.8585
1,0.9302
1,0.9014
0,0.212
1,0.7393
1,0.0977
1,0.5408
1,0.3073
0,0.6933
1,0.9201
0,0.4925
1,0.7387
1,0.3149
1,0.0631
1,0.7129
1,0.9153
0,0.1357
0,0.8604
1,0.5618
1,0.2837
1,0.3662
0,0.9814
1,0.0756
0,0.4335
1,0.6969
0,0.4571
1,0.8356
0,0.2719
0,0.6404
1,0.7918
0,0.5822
1,0.0537
1,0.128
1,0.8008
0,0.3843
1,0.2011
1,0.0125
0,0.0751
0,0.4426
0,0.0484
0,0.9639
1,0.6794
1,0.4583
1,0.2089
0,0.7111
0,0.1323
0,0.4513
1,0.0489
1,0.8704
1,0.0676
1,0.2508
0,0.4608
0,0.5755
1,0.7212
0,0.0161
0,0.1906
1,0.4257
0,0.9089
1,0.4787
0,0.8238
0,0.4425
0,0.6496
1,0.9503
0,0.0124
1,0.507
0,0.9508
1,0.4183
0,0.7326
1,0.127
1,0.5144
0,0.166
1,0.1547
0,0.2003
1,0.7599
1,0.1841
1,0.6635
1,0.6534
1,0.5768
1,0.2171
0,0.4758
1,0.4211
0,0.1353
1,0.5651
0,0.1315
0,0.0142
1,0.2747
0,0.4175
0,0.3114
1,0.7396
0,0.7396
0,0.6198
0,0.7805
0,0.2563
1,0.1831
0,0.8454
1,0.7419
0,0.2798
1,0.1116
1,0.789
1,0.4535
1,0.5822
1,0.1638
0,0.6658
1,0.1629
1,0.3672
1,0.4301
0,0.9451
1,0.0723
0,0.9775
1,0.027
1,0.0719
1,0.1614
1,0.1454
1,0.5311
0,0.7239
0,0.6826
1,0.6191
0,0.9616
1,0.6601
0,0.7564
1,0.5313
1,0.6491
1,0.4009
0,0.9008
1,0.0136
1,0.0244
1,0.1833
0,0.7188
1,0.1365
1,0.6464
1,0.844
0,0.6289
1,0.0479
1,0.1042
1,0.3113
0,0.1231
1,0.2106
1,0.1166
0,0.6319
0,0.7526
1,0.0499
0,0.5885
1,0.9207
1,0.5606
1,0.5736
0,0.8362
0,0.7069
0,0.8837
0,0.5645
1,0.1914
1,0.7396
0,0.728
0,0.2104
0,0.4387
0,0.4696
0,0.3524
1,0.0254
1,0.6713
0,0.377
0,0.6483
1,0.4207
1,0.89
0,0.2624
1,0.8115
1,0.5373
1,0.1328
1,0.1611
1,0.6762
1,0.3759
1,0.1541
1,0.8302
1,0.1418
1,0.2976
0,0.8671
1,0.4391
1,0.1656
0,0.8625
0,0.6185
0,0.6361
1,0.1389
0,0.7135
0,0.0727
0,0.326
0,0.759
0,0.4698
0,0.4743
0,0.295
1,0.4656
0,0.0129
1,0.3808
0,0.4322
1,0.2975
1,0.7635
1,0.8436
1,0.2105
0,0.617
1,0.3812
1,0.9007
0,0.7515
1,0.5724
0,0.1272
1,0.9973
0,0.7881
0,0.7159
0,0.859
0,0.4199
0,0.1251
0,0.7598
1,0.982
1,0.9871
0,0.3561
1,0.5204
0,0.8764
1,0.3968
1,0.2457
0,0.1
1,0.455
1,0.6749
1,0.3337
1,0.9636
1,0.8622
1,0.7423
0,0.6315
1,0.2411
0,0.4822
1,0.2097
0,0.234
1,0.7318
0,0.4277
0,0.6177
0,0.5206
0,0.9498
1,0.0796
0,0.0549
1,0.4885
0,0.0277
0,0.5868
0,0.8094
1,0.9155
0,0.6769
0,0.9182
0,0.3472
1,0.3504
1,0.6791
0,0.4623
1,0.0753
0,0.7908
0,0.8314
1,0.5271
0,0.624
0,0.6346
0,0.8624
0,0.9798
0,0.4703
1,0.4888
0,0.6552
0,0.5284
0,0.9659
1,0.8164
1,0.9842
0,0.5633
1,0.4428
1,0.1927
1,0.7441
1,0.7188
1,0.8448
0,0.7751
1,0.6773
0,0.4945
1,0.8415
0,0.1008
0,0.599
0,0.9719
1,0.0925
1,0.0034
1,0.563
1,0.8928
0,0.0419
0,0.3003
0,0.9503
1,0.7129
0,0.5953
0,0.8615
1,0.5454
0,0.1126
1,0.1001
1,0.2572
1,0.3579
1,0.9876
1,0.0915
1,0.4561
0,0.0483
1,0.8415
0,0.5635
1,0.3258
0,0.8017
0,0.8618
0,0.1632
0,0.9208
0,0.6666
1,0.0774
0,0.7084
0,0.4368
0,0.3687
0,0.4744
0,0.1351
1,0.0466
1,0.5104
1,0.4895
1,0.3414
1,0.1141
0,0.6461
0,0.4854
1,0.9507
0,0.4334
1,0.4246
0,0.3032
0,0.9312
0,0.8203
0,0.7317
0,0.9614
0,0.2397
1,0.4786
1,0.8536
1,0.5918
1,0.6783
1,0.0857
1,0.0642
0,0.981
1,0.7051
1,0.1495
0,0.4024
0,0.1953
1,0.7467
1,0.3533
1,0.0666
1,0.5577
1,0.8742
1,0.9929
0,0.1062
1,0.2934
0,0.1817
0,0.0334
0,0.8664
0,0.2937
1,0.64
0,0.1429
0,0.6645
1,0.1707
0,0.8749
1,0.3996
1,0.3247
1,0.858
1,0.9928
0,0.3667
0,0.7516
0,0.5464
0,0.4377
1,0.2711
1,0.1873
1,0.8679
1,0.6179
1,0.2751
1,0.0794
0,0.1379
0,0.0432
0,0.466
1,0.0767
0,0.438
1,0.4523
0,0.4788
1,0.7945
1,0.3394
0,0.2402
0,0.3191
1,0.383
0,0.6488
1,0.4554
0,0.2405
1,0.6859
1,0.9887
1,0.9506
0,0.1806
1,0.1403
0,0.4105
1,0.1281
1,0.413
1,0.4685
1,0.0529
0,0.6039
1,0.3293
0,0.0828
1,0.2523
1,0.3616
1,0.6277
0,0.1736
1,0.6198
1,0.5999
1,0.3597
1,0.7823
0,0.0035
1,0.8199
0,0.726
1,0.3499
1,0.2299
1,0.3066
0,0.472
0,0.646
0,0.25
0,0.2171
0,0.2145
0,0.9923
1,0.1
1,0.1595
0,0.0255
0,0.0048
1,0.4124
1,0.6603
1,0.1648
1,0.5179
1,0.6407
0,0.9795
0,0.8817
1,0.1175
0,0.713
1,0.7683
0,0.0554
0,0.6308
0,0.0893
1,0.0629
1,0.5781
0,0.9619
1,0.433
1,0.4421
1,0.4579
0,0.6401
0,0.9592
1,0.858
0,0.5393
1,0.6573
1,0.8852
0,0.836
1,0.2189
1,0.1277
1,0.0108
1,0.6959
1,0.0776
1,0.7055
0,0.2683
1,0.9918
1,0.5219
1,0.6397
0,0.9074
0,0.7851
0,0.0554
0,0.1652
1,0.3203
1,0.6482
1,0.4676
1,0.358
1,0.061
1,0.2044
1,0.5296
1,0.7201
0,0.9541
0,0.9883
0,0.9143
1,0.3613
0,0.2773
1,0.972
1,0.7253
1,0.6588
1,0.1803
1,0.6729
0,0.7263
1,0.5088
0,0.7533
0,0.8
1,0.2502
0,0.8292
0,0.2572
1,0.5382
1,0.2578
1,0.4394
1,0.9601
0,0.302
1,0.4359
1,0.6901
0,0.4834
0,0.6705
1,0.8841
0,0.1388
0,0.4072
1,0.776
1,0.4302
1,0.1149
1,0.2107
1,0.2885
1,0.3543
1,0.8331
1,0.8615
0,0.7489
0,0.6149
1,0.2907
1,0.1287
0,0.0991
1,0.7105
0,0.5883
1,0.4834
1,0.1815
0,0.348
0,0.2941
1,0.9452
1,0.3523
0,0.2784
0,0.6099
1,0.2519
1,0.9174
0,0.7143
1,0.1168
1,0.9302
1,0.6279
1,0.3968
1,0.0592
1,0.2704
0,0.9349
1,0.9693
0,0.8126
1,0.8611
1,0.7364
1,0.512
1,0.2627
0,0.5631
0,0.4094
1,0.6859
0,0.7406
0,0.1429
1,0.6276
0,0.9286
1,0.6008
0,0.537
0,0.6921
0,0.0408
0,0.7865
1,0.3717
0,0.327
1,0.9832
1,0.3471
0,0.6563
0,0.0554
1,0.665
1,0.1775
1,0.9333
1,0.691
1,0.6146
0,0.5736
0,0.2547
1,0.7703
0,0.8234
1,0.5306
1,0.3629
0,0.3621
1,0.2288
1,0.4717
0,0.9801
0,0.7068
0,0.4918
0,0.7299
0,0.7222
0,0.5457
1,0.6078
1,0.9161
0,0.2663
0,0.2346
1,0.8137
1,0.9852
1,0.5886
1,0.5751
1,0.0322
0,0.6545
1,0.2523
0,0.7586
0,0.6437
0,0.9869
0,0.151
1,0.9146
0,0.0523
1,0.9748
0,0.0776
1,0.2858
1,0.3043
1,0.1381
0,0.1295
1,0.3371
0,0.4716
0,0.6398
1,0.7775
0,0.405
1,0.8926
0,0.2629
0,0.2651
0,0.2366
0,0.7154
0,0.1376
0,0.7824
0,0.1893
1,0.0166
1,0.0424
0,0.5264
0,0.5555
1,0.7046
0,0.3594
1,0.378
0,0.7116
1,0.9003
1,0.2116
1,0.1902
0,0.6215
0,0.7057
1,0.1578
0,0.2323
1,0.2564
1,0.264
0,0.8134
0,0.1376
0,0.604
1,0.2202
0,0.8145
0,0.3855
1,0.2004
1,0.3533
0,0.6046
0,0.5239
0,0.89
0,0.6383
0,0.1911
1,0.3068
0,0.8566
1,0.4208
0,0.7523
1,0.7786
0,0.2774
1,0.5411
1,0.0803
0,0.1766
1,0.9702
0,0.6305
1,0.4312
0,0.051
1,0.1303
1,0.9527
1,0.9599
1,0.1952
0,0.3973
1,0.5672
0,0.278
1,0.062
0,0.7063
1,0.6866
0,0.5885
1,0.1859
1,0.6854
0,0.0173
0,0.3944
1,0.0439
0,0.3054
0,0.0802
1,0.7628
1,0.2941
1,0.3582
0,0.2496
1,0.0584
1,0.6526
0,0.294
0,0.2527
0,0.6083
1,0.9605
1,0.9898
0,0.6057
0,0.847
1,0.6904
1,0.6654
1,0.2109
1,0.7587
0,0.4554
1,0.3332
0,0.017
0,0.1751
0,0.4858
1,0.7759
0,0.4593
0,0.0408
1,0.4288
1,0.9518
1,0.2157
1,0.4338
1,0.0818
1,0.3961
0,0.2775
0,0.7545
1,0.2118
1,0.457
0,0.9376
1,0.5378
1,0.207
0,0.3655
1,0.1532
0,0.4708
1,0.7295
1,0.728
0,0.2905
0,0.0022
0,0.0948
1,0.1133
1,0.6305
1,0.4534
1,0.8835
0,0.0471
0,0.3953
1,0.0856
0,0.6407
0,0.8222
0,0.6417
0,0.7593
1,0.8237
1,0.5092
1,0.5587
1,0.1192
0,0.8279
0,0.3838
1,0.7651
1,0.9382
0,0.2701
0,0.493
1,0.3003
0,0.4575
1,0.6781
1,0.3867
1,0.5989
1,0.0602
0,0.8372
0,0.7796
0,0.7252
1,0.2432
0,0.1318
1,0.1834
0,0.4021
0,0.5566
0,0.3032
1,0.5137
0,0.497
1,0.7265
1,0.8129
1,0.4687
0,0.3052
0,0.5961
1,0.9191
1,0.4331
1,0.3646
1,0.6838
1,0.8024
0,0.0869
1,0.6287
1,0.1414
1,0.9895
0,0.0591
0,0.0954
0,0.991
0,0.8105
0,0.2907
0,0.9191
0,0.3479
0,0.2488
0,0.0268
0,0.1753
0,0.8749
0,0.1239
0,0.073
1,0.5756
0,0.1894
0,0.146
0,0.7945
0,0.2919
1,0.8195
1,0.2133
1,0.654
1,0.1547
0,0.0465
1,0.9732
0,0.1951
0,0.5336
0,0.5016
1,0.0335
0,0.5459
0,0.3389
1,0.4138
1,0.5251
1,0.0977
0,0.9669
1,0.9675
1,0.9259
1,0.1638
1,0.8122
0,0.1203
0,0.3783
0,0.2308
1,0.7595
1,0.3027
0,0.3146
1,0.7779
0,0.2246
1,0.4464
0,0.5463
1,0.2962
0,0.3567
1,0.9089
1,0.8501
1,0.9257
1,0.9614
0,0.9322
0,0.3377
1,0.3051
0,0.6499
0,0.532
0,0.1197
0,0.9193
0,0.0479
0,0.2074
0,0.0297
0,0.2567
1,0.2319
1,0.212
1,0.6771
0,0.8714
1,0.1252
1,0.202
1,0.7519
1,0.3005
0,0.2719
1,0.1056
1,0.735
1,0.1701
1,0.9394
0,0.5442
0,0.3198
0,0.2758
0,0.6329
1,0.5993
1,0.7593
0,0.1591
0,0.2264
0,0.229
0,0.1768
0,0.6655
1,0.0808
0,0.847
1,0.914
0,0.9742
0,0.0372
1,0.8511
0,0.9909
0,0.3669
1,0.2795
1,0.9829
1,0.0358
1,0.9917
0,0.4282
1,0.4244
0,0.9276
1,0.9308
1,0.1873
1,0.4425
1,0.1528
0,0.296
1,0.2597
1,0.4042
1,0.0295
0,0.7002
1,0.2149
0,0.4156
1,0.5985
1,0.3831
0,0.0373
0,0.762
1,0.9023
0,0.6181
1,0.1297
0,0.793
0,0.7841
1,0.813
1,0.2078
0,0.4927
1,0.5467
0,0.3956
0,0.3414
1,0.7885
0,0.2377
1,0.9947
0,0.722
0,0.5353
0,0.4718
0,0.9489
0,0.2285
0,0.2961
0,0.9865
1,0.6294
1,0.9265
0,0.263
0,0.8104
1,0.8596
1,0.7688
1,0.0929
0,0.5891
0,0.176
1,0.848
0,0.2788
0,0.9669
0,0.4009
0,0.6853
0,0.3426
0,0.1037
0,0.7638
0,0.8701
0,0.7109
1,0.7054
1,0.9714
1,0.4778
1,0.3352
0,0.0157
0,0.5066
1,0.1112
1,0.1075
0,0.2784
0,0.8349
0,0.8728
0,0.2468
0,0.5076
0,0.8952
1,0.8652
1,0.8794
1,0.0229
1,0.1777
0,0.5681
1,0.1871
1,0.5005
1,0.9611
0,0.8184
1,0.605
1,0.8213
0,0.2478
0,0.5044
0,0.6063
0,0.9701
0,0.814
1,0.404
1,0.0142
1,0.2173
1,0.4895
0,0.4537
0,0.5801
0,0.5295
0,0.9536
1,0.0843
0,0.276
0,0.4434
0,0.8323
0,0.8979
1,0.4259
1,0.645
1,0.2537
1,0.7278
1,0.8966
1,0.5676
1,0.9555
0,0.5063
0,0.6125
1,0.1946
0,0.0227
1,0.509
1,0.7758
0,0.255
0,0.8711
0,0.8747
0,0.3826
0,0.9041
0,0.3845
1,0.9027
1,0.6742
0,0.3507
1,0.9052
0,0.7224
1,0.2519
1,0.9344
0,0.4174
0,0.7164
1,0.4706
0,0.1053
1,0.5573
1,0.2929
0,0.6804
1,0.0584
1,0.8691
1,0.2385
1,0.9456
1,0.2161
1,0.0579
0,0.5571
1,0.4082
1,0.5493
0,0.2596
1,0.485
1,0.3692
0,0.3553
0,0.9766
1,0.3142
1,0.7181
1,0.7935
0,0.9462
0,0.577
0,0.4596
1,0.9908
1,0.02
0,0.1718
1,0.1127
1,0.5667
0,0.3497
0,0.2431
1,0.3292
1,0.9875
0,0.223
0,0.7987
0,0.6587
1,0.7665
1,0.2282
0,0.4939
0,0.7957
1,0.9942
0,0.2164
1,0.1954
1,0.4874
1,0.9363
1,0.3695
1,0.4186
1,0.0812
0,0.6069
0,0.7844
1,0.2158
0,0.2976
1,0.9715
1,0.2071
0,0.1034
1,0.1007
1,0.5951
1,0.4196
0,0.6428
1,0.1147
0,0.3946
1,0.7707
0,0.0553
0,0.5125
1,0.1723
1,0.4896
1,0.277
1,0.4731
0,0.9835
0,0.7308
0,0.6983
0,0.1241
1,0.6373
0,0.359
0,0.4187
1,0.2834
1,0.3534
1,0.1554
0,0.4045
0,0.7033
1,0.7329
0,0.8794
0,0.3372
1,0.5947
1,0.1478
1,0.9676
0,0.1329
1,0.165
0,0.5246
1,0.0445
0,0.6068
1,0.4029
1,0.66
0,0.3224
0,0.9691
0,0.6803
1,0.0005
0,0.7547
1,0.9664
0,0.9398
1,0.4246
1,0.9912
0,0.5947
0,0.4875
0,0.4648
1,0.7941
0,0.9574
0,0.6477
1,0.5775
0,0.4673
0,0.9659
1,0.7797
0,0.4593
0,0.4492
0,0.8095
0,0.1553
0,0.3645
1,0.6901
0,0.4587
1,0.7642
1,0.2229
1,0.7217
1,0.6661
0,0.7257
1,0.1403
0,0.3504
1,0.1059
1,0.1101
1,0.8322
0,0.6664
1,0.6294
0,0.8899
1,0.7476
1,0.6954
0,0.1745
0,0.8824
0,0.561
0,0.7234
0,0.5534
1,0.8271
0,0.6071
1,0.2567
1,0.998
1,0.9935
0,0.2035
0,0.7369
1,0.4968
0,0.6139
0,0.1058
1,0.4392
1,0.2025
1,0.7752
0,0.8401
0,0.7659
0,0.5463
0,0.5242
0,0.3205
1,0.7169
1,0.4731
0,0.754
0,0.1193
0,0.021
0,0.4592
0,0.6632
1,0.3922
0,0.1386
0,0.3584
1,0.7591
0,0.1376
1,0.8395
0,0.4991
0,0.6336
1,0.5468
1,0.3697
0,0.3245
1,0.2675
1,0.4736
0,0.448
1,0.393
0,0.7103
0,0.802
1,0.7332
1,0.4208
0,0.1891
0,0.2386
1,0.8606
0,0.0078
1,0.5043
1,0.5134
1,0.2892
1,0.8347
0,0.9476
0,0.9629
1,0.817
1,0.548
1,0.6184
1,0.4228
0,0.1352
1,0.659
0,0.5279
0,0.9292
1,0.1881
0,0.9457
1,0.8272
1,0.483
1,0.6289
1,0.3176
0,0.542
0,0.3651
0,0.4133
0,0.351
0,0.9441
0,0.3519
0,0.3537
1,0.8006
0,0.0312
1,0.315
0,0.6149
1,0.614
0,0.004
0,0.9899
1,0.7126
0,0.8941
0,0.5278
1,0.6937
1,0.0766
0,0.1752
0,0.283
0,0.4134
1,0.8987
1,0.5021
0,0.591
0,0.4108
0,0.7068
1,0.0751
0,0.4425
1,0.5767
1,0.3577
0,0.0105
1,0.1981
0,0.1185
0,0.8552
0,0.0123
0,0.2306
1,0.8968
1,0.6166
1,0.4001
0,0.961
0,0.0849
1,0.0087
0,0.5385
1,0.0701
1,0.4402
0,0.2203
1,0.4449
0,0.7656
1,0.4282
1,0.8621
1,0.127
1,0.6493
0,0.323
0,0.7877
1,0.4342
0,0.0643
1,0.771
0,0.8815
1,0.8233
0,0.5307
0,0.628
0,0.4961
0,0.6808
1,0.9454
1,0.6799
1,0.554
0,0.1764
1,0.9002
0,0.6982
1,0.1431
0,0.7468
0,0.3285
1,0.0057
0,0.685
1,0.7167
0,0.7706
1,0.2071
1,0.2734
1,0.8515
0,0.0664
0,0.1847
1,0.3901
1,0.5609
1,0.066
1,0.971
1,0.0895
1,0.2539
1,0.9835
1,0.8142
0,0.7108
1,0.3122
0,0.5911
1,0.2829
1,0.0505
1,0.2572
1,0.4961
0,0.6731
1,0.222
0,0.2696
1,0.4579
1,0.5912
0,0.1418
0,0.6326
0,0.3632
0,0.8653
0,0.7825
0,0.017
0,0.3427
1,0.1263
1,0.1541
0,0.3977
1,0.4036
1,0.3159
1,0.1066
0,0.6102
0,0.8058
1,0.3164
1,0.7541
0,0.5825
1,0.9967
0,0.4325
1,0.7447
0,0.322
